username, senha
0.06015253723891286@mail.io,123456k6           
0.25641571660884727@mail.io,123456k6
0.7406928748702452@mail.io,123456k6 
0.07912659316493065@mail.io,123456k6
0.33821672398063746@mail.io,123456k6
0.4166598597486818@mail.io,123456k6